ILCE,MAHALLE,NUFUS_2025,ARTIS_HIZI_BINDE,TAHMINI_NUFUS_2026,TAHMINI_NUFUS_2027
Aliaga,Ataturk Mah.,9104,19.96,9286,9471
Aliaga,Asagisakran Mah.,267,19.96,272,278
Aliaga,B.Hayrettin Pasa Mah.,1597,19.96,1629,1661
Aliaga,Bahcedere Mah.,11997,19.96,12236,12481
Aliaga,Bozkoy Mah.,539,19.96,550,561
Aliaga,Fatih Mah.,2490,19.96,2540,2590
Aliaga,Guzelhisar Mah.,694,19.96,708,722
Aliaga,Haciomerli Mah.,910,19.96,928,947
Aliaga,Horozgedigi Mah.,283,19.96,289,294
Aliaga,Kalabak Mah.,453,19.96,462,471
Aliaga,Kapukaya Mah.,175,19.96,178,182
Aliaga,Karakuzu Mah.,515,19.96,525,536
Aliaga,Karakoy Mah.,193,19.96,197,201
Aliaga,Kazim Dirik Mah.,8118,19.96,8280,8445
Aliaga,Kurtulus Mah.,8427,19.96,8595,8767
Aliaga,Kultur Mah.,8592,19.96,8763,8938
Aliaga,Mimar Sinan Mah.,1301,19.96,1327,1353
Aliaga,Samurlu Mah.,422,19.96,430,439
Aliaga,Siteler Mah.,14104,19.96,14386,14673
Aliaga,Uzunhasanlar Mah.,265,19.96,270,276
Aliaga,Yali Mah.,3685,19.96,3759,3834
Aliaga,Yeni Mah.,18474,19.96,18843,19219
Aliaga,Yukari Sehitkemal Mah.,687,19.96,701,715
Aliaga,Yuksekkoy Mah.,150,19.96,153,156
Aliaga,Cakmakli Mah.,884,19.96,902,920
Aliaga,Caltilidere Mah.,742,19.96,757,772
Aliaga,Coraklar Mah.,123,19.96,125,128
Aliaga,Citak Mah.,487,19.96,497,507
Aliaga,Ornekkent Mah.,7539,19.96,7689,7843
Aliaga,Sakran Hasbi Efendi Mah.,3277,19.96,3342,3409
Aliaga,Sakran Sayfiye Mah.,3617,19.96,3689,3763
Aliaga,Sehitkemal Mah.,781,19.96,797,812
Balcova,Bahcelerarasi Mah.,597,-11.42,590,583
Balcova,Egitim Mah.,13633,-11.42,13477,13323
Balcova,Fevzi Cakmak Mah.,10936,-11.42,10811,10688
Balcova,Koruturk Mah.,12300,-11.42,12160,12021
Balcova,Onur Mah.,15693,-11.42,15514,15337
Balcova,Teleferik Mah.,8432,-11.42,8336,8241
Balcova,Cetin Emec Mah.,10953,-11.42,10828,10704
Balcova,Inciralti Mah.,3199,-11.42,3162,3126
Bayrakli,100. Yil Mah.,6829,-11.33,6752,6675
Bayrakli,75. Yil Mah.,3330,-11.33,3292,3255
Bayrakli,Adalet Mah.,18405,-11.33,18196,17990
Bayrakli,Alpaslan Mah.,8107,-11.33,8015,7924
Bayrakli,Bayrakli Mah.,6211,-11.33,6141,6071
Bayrakli,Cengizhan Mah.,12243,-11.33,12104,11967
Bayrakli,Dogancay Mah.,2242,-11.33,2217,2191
Bayrakli,Emek Mah.,12562,-11.33,12420,12279
Bayrakli,Fuat Edip Baksi Mah.,11077,-11.33,10951,10827
Bayrakli,Gumuspala Mah.,15554,-11.33,15378,15204
Bayrakli,Korfez Mah.,5916,-11.33,5849,5783
Bayrakli,Manavkuyu Mah.,24158,-11.33,23884,23614
Bayrakli,Mansuroglu Mah.,19688,-11.33,19465,19244
Bayrakli,Muhittin Erener Mah.,8178,-11.33,8085,7994
Bayrakli,Onur Mah.,14937,-11.33,14768,14600
Bayrakli,Org.Nafiz Gurman Mah.,13851,-11.33,13694,13539
Bayrakli,Osmangazi Mah.,25348,-11.33,25061,24777
Bayrakli,Postacilar Mah.,12544,-11.33,12402,12261
Bayrakli,R.Sevket Ince Mah.,12495,-11.33,12353,12213
Bayrakli,Sogukkuyu Mah.,11921,-11.33,11786,11652
Bayrakli,Tepekule Mah.,14256,-11.33,14094,13935
Bayrakli,Turan Mah.,311,-11.33,307,304
Bayrakli,Yamanlar Mah.,18662,-11.33,18451,18242
Bayrakli,Cay Mah.,7816,-11.33,7727,7640
Bayrakli,Cicek Mah.,9840,-11.33,9729,9618
Bayindir,Alankoy Mah.,146,-2.07,146,145
Bayindir,Alankiyi Mah.,389,-2.07,388,387
Bayindir,Arikbasi Mah.,818,-2.07,816,815
Bayindir,Ataturk Mah.,595,-2.07,594,593
Bayindir,Balcilar Mah.,310,-2.07,309,309
Bayindir,Buruncuk Mah.,476,-2.07,475,474
Bayindir,Biyiklar Mah.,572,-2.07,571,570
Bayindir,Camii Mah.,581,-2.07,580,579
Bayindir,Cumhuriyet Mah.,747,-2.07,745,744
Bayindir,Demircilik Mah.,857,-2.07,855,853
Bayindir,Derekoy Mah.,230,-2.07,230,229
Bayindir,Dernekli Mah.,149,-2.07,149,148
Bayindir,Elifli Mah.,294,-2.07,293,293
Bayindir,Ergenli Mah.,488,-2.07,487,486
Bayindir,Fatih Mah.,3405,-2.07,3398,3391
Bayindir,Firinli Mah.,1057,-2.07,1055,1053
Bayindir,Gaziler Mah.,56,-2.07,56,56
Bayindir,Haci Besir Mah.,729,-2.07,727,726
Bayindir,Haci Ibrahim Mah.,1351,-2.07,1348,1345
Bayindir,Haskoy Mah.,772,-2.07,770,769
Bayindir,Hatay Mah.,616,-2.07,615,613
Bayindir,Havuzbasi Mah.,394,-2.07,393,392
Bayindir,Hisarlik Mah.,286,-2.07,285,285
Bayindir,Kabaagac Mah.,74,-2.07,74,74
Bayindir,Karahalilli Mah.,440,-2.07,439,438
Bayindir,Karahayit Mah.,32,-2.07,32,32
Bayindir,Karapinar Mah.,63,-2.07,63,63
Bayindir,Karaveliler Mah.,735,-2.07,733,732
Bayindir,Kurt Mah.,732,-2.07,730,729
Bayindir,Kizilcaagac Mah.,218,-2.07,218,217
Bayindir,Kizilcaova Mah.,935,-2.07,933,931
Bayindir,Kizilkecili Mah.,518,-2.07,517,516
Bayindir,Kiziloba Mah.,641,-2.07,640,638
Bayindir,Lutuflar Mah.,422,-2.07,421,420
Bayindir,Mektep Mah.,931,-2.07,929,927
Bayindir,Mithatpasa Mah.,739,-2.07,737,736
Bayindir,Necati Uza Mah.,1350,-2.07,1347,1344
Bayindir,Orta Mah.,226,-2.07,226,225
Bayindir,Osmanlar Mah.,279,-2.07,278,278
Bayindir,Pinarli Mah.,1244,-2.07,1241,1239
Bayindir,Sadikpasa Mah.,5033,-2.07,5023,5012
Bayindir,Sariyurt Mah.,346,-2.07,345,345
Bayindir,Sogutoren Mah.,725,-2.07,723,722
Bayindir,Tokatbasi Mah.,525,-2.07,524,523
Bayindir,Turan Mah.,388,-2.07,387,386
Bayindir,Yakacik Mah.,567,-2.07,566,565
Bayindir,Yakapinar Mah.,863,-2.07,861,859
Bayindir,Yeni Mah.,691,-2.07,690,688
Bayindir,Yenice Mah.,115,-2.07,115,115
Bayindir,Yesilova Mah.,732,-2.07,730,729
Bayindir,Yusuflu Mah.,835,-2.07,833,832
Bayindir,Zeytinova Mah.,1184,-2.07,1182,1179
Bayindir,Camlibel Mah.,292,-2.07,291,291
Bayindir,Cenikler Mah.,57,-2.07,57,57
Bayindir,Ciftcigedigi Mah.,213,-2.07,213,212
Bayindir,Cinar Mah.,114,-2.07,114,114
Bayindir,Cinardibi Mah.,731,-2.07,729,728
Bayindir,Cirpi Cami Mah.,1045,-2.07,1043,1041
Bayindir,Ibrahimcavus Mah.,618,-2.07,617,615
Bergama,Ahmetbeyler Mah.,248,1.88,248,249
Bergama,Akcenger Mah.,180,1.88,180,181
Bergama,Alacalar Mah.,107,1.88,107,107
Bergama,Alhatli Mah.,228,1.88,228,229
Bergama,Alibeyli Mah.,394,1.88,395,395
Bergama,Armaganlar Mah.,105,1.88,105,105
Bergama,Ataturk Mah.,6035,1.88,6046,6058
Bergama,Atmaca Mah.,1921,1.88,1925,1928
Bergama,Atcilar Mah.,56,1.88,56,56
Bergama,Avunduk Mah.,24,1.88,24,24
Bergama,Avunduruk Mah.,46,1.88,46,46
Bergama,Ayaskent Mah.,643,1.88,644,645
Bergama,Ayvatlar Mah.,195,1.88,195,196
Bergama,Aziziye Mah.,300,1.88,301,301
Bergama,Asagibey Mah.,475,1.88,476,477
Bergama,Asagicuma Mah.,475,1.88,476,477
Bergama,Asagikiriklar Mah.,476,1.88,477,478
Bergama,Asagiilgindere Mah.,79,1.88,79,79
Bergama,Bahcelievler Mah.,6736,1.88,6749,6761
Bergama,Balaban Mah.,23,1.88,23,23
Bergama,Barbaros Mah.,513,1.88,514,515
Bergama,Bayramcilar Mah.,142,1.88,142,143
Bergama,Bekirler Mah.,18,1.88,18,18
Bergama,Bozkoy Mah.,256,1.88,256,257
Bergama,Bozyerler Mah.,240,1.88,240,241
Bergama,Bolcek Mah.,945,1.88,947,949
Bergama,Cevapli Mah.,60,1.88,60,60
Bergama,Dagistan Mah.,546,1.88,547,548
Bergama,Demircidere Mah.,116,1.88,116,116
Bergama,Derekoy Mah.,116,1.88,116,116
Bergama,Doganci Mah.,118,1.88,118,118
Bergama,Durmuslar Mah.,366,1.88,367,367
Bergama,Ertugrul Mah.,2399,1.88,2404,2408
Bergama,Egiller Mah.,135,1.88,135,136
Bergama,Egrigol Mah.,159,1.88,159,160
Bergama,Fatih Mah.,20005,1.88,20043,20080
Bergama,Ferizler Mah.,145,1.88,145,146
Bergama,Fevzipasa Mah.,2905,1.88,2910,2916
Bergama,Gaylan Mah.,128,1.88,128,128
Bergama,Gaziosmanpasa Mah.,8637,1.88,8653,8670
Bergama,Gazipasa Mah.,506,1.88,507,508
Bergama,Gobeller Mah.,291,1.88,292,292
Bergama,Gokceyurt Mah.,41,1.88,41,41
Bergama,Gocbeyli Mah.,1429,1.88,1432,1434
Bergama,Gultepe Mah.,23,1.88,23,23
Bergama,Gunesli Mah.,232,1.88,232,233
Bergama,Hacihamzalar Mah.,198,1.88,198,199
Bergama,Hacilar (Derekoy Bucagi) Mah.,156,1.88,156,157
Bergama,Hacilar (Ismailli Bucagi) Mah.,117,1.88,117,117
Bergama,Halilagalar Mah.,76,1.88,76,76
Bergama,Hamzalisuleymaniye Mah.,109,1.88,109,109
Bergama,Hisarkoy Mah.,160,1.88,160,161
Bergama,Ilgincaber Mah.,58,1.88,58,58
Bergama,Kadikoy Mah.,400,1.88,401,402
Bergama,Kaleardi Mah.,65,1.88,65,65
Bergama,Kaplan (Gocbeyli Bucagi) Mah.,54,1.88,54,54
Bergama,Kaplan (Yukaribey Bucagi) Mah.,265,1.88,265,266
Bergama,Kapukaya Mah.,41,1.88,41,41
Bergama,Karahidirli Mah.,150,1.88,150,151
Bergama,Karalar Mah.,242,1.88,242,243
Bergama,Karaveliler Mah.,512,1.88,513,514
Bergama,Katranci Mah.,128,1.88,128,128
Bergama,Kasikci Mah.,144,1.88,144,145
Bergama,Kocahaliller Mah.,18,1.88,18,18
Bergama,Kocakoy Mah.,28,1.88,28,28
Bergama,Koyuneli Mah.,294,1.88,295,295
Bergama,Kozluca Mah.,252,1.88,252,253
Bergama,Kurfalli Mah.,242,1.88,242,243
Bergama,Kurtulus Mah.,2088,1.88,2092,2096
Bergama,Kucukkaya Mah.,614,1.88,615,616
Bergama,Kiranli Mah.,372,1.88,373,373
Bergama,Kircalar Mah.,124,1.88,124,124
Bergama,Kiziltepe Mah.,79,1.88,79,79
Bergama,Mahmudiye Mah.,196,1.88,196,197
Bergama,Maltepe Mah.,10899,1.88,10919,10940
Bergama,Maruflar Mah.,40,1.88,40,40
Bergama,Muratlar Mah.,77,1.88,77,77
Bergama,Narlica Mah.,758,1.88,759,761
Bergama,Okcular Mah.,205,1.88,205,206
Bergama,Oruslar Mah.,359,1.88,360,360
Bergama,Ovacik Mah.,271,1.88,272,272
Bergama,Pasakoy Mah.,115,1.88,115,115
Bergama,Pirveliler Mah.,130,1.88,130,130
Bergama,Pinarkoy Mah.,853,1.88,855,856
Bergama,Rahmanlar Mah.,92,1.88,92,92
Bergama,Saricalar Mah.,228,1.88,228,229
Bergama,Saricaoglu Mah.,96,1.88,96,96
Bergama,Saridere Mah.,459,1.88,460,461
Bergama,Saganci Mah.,291,1.88,292,292
Bergama,Seklik Mah.,288,1.88,289,289
Bergama,Selcuk Mah.,1711,1.88,1714,1717
Bergama,Sindel Mah.,164,1.88,164,165
Bergama,Suleymanli Mah.,139,1.88,139,140
Bergama,Talatpasa Mah.,666,1.88,667,669
Bergama,Tavukcukuru Mah.,228,1.88,228,229
Bergama,Tekkedere Mah.,214,1.88,214,215
Bergama,Tepekoy Mah.,1250,1.88,1252,1255
Bergama,Terzihaliller Mah.,258,1.88,258,259
Bergama,Tiyelti Mah.,158,1.88,158,159
Bergama,Topallar Mah.,183,1.88,183,184
Bergama,Turabey Mah.,3285,1.88,3291,3297
Bergama,Tirmanlar Mah.,422,1.88,423,424
Bergama,Ulucamii Mah.,740,1.88,741,743
Bergama,Yalnizdam Mah.,65,1.88,65,65
Bergama,Yalnizev Mah.,814,1.88,816,817
Bergama,Yenikent Mah.,858,1.88,860,861
Bergama,Yeniler Mah.,108,1.88,108,108
Bergama,Yerlitahtaci Mah.,151,1.88,151,152
Bergama,Yortanli Mah.,55,1.88,55,55
Bergama,Yukariada Mah.,345,1.88,346,346
Bergama,Yukaribey Mah.,918,1.88,920,921
Bergama,Yukaricuma Mah.,206,1.88,206,207
Bergama,Yukarikiriklar Mah.,117,1.88,117,117
Bergama,Zafer Mah.,4374,1.88,4382,4390
Bergama,Zagnoz Mah.,75,1.88,75,75
Bergama,Zeytindag Mah.,2618,1.88,2623,2628
Bergama,Cakirlar Mah.,63,1.88,63,63
Bergama,Caltikoru Mah.,48,1.88,48,48
Bergama,Calibahce Mah.,60,1.88,60,60
Bergama,Camavlu Mah.,528,1.88,529,530
Bergama,Camkoy Mah.,147,1.88,147,148
Bergama,Camoba Mah.,72,1.88,72,72
Bergama,Celtikci Mah.,150,1.88,150,151
Bergama,Citkoy Mah.,175,1.88,175,176
Bergama,Cobanlar Mah.,97,1.88,97,97
Bergama,Curukbaglar Mah.,123,1.88,123,123
Bergama,Oksuzler Mah.,148,1.88,148,149
Bergama,Orenli Mah.,364,1.88,365,365
Bergama,Orlemis Mah.,266,1.88,267,267
Bergama,Urkutler Mah.,158,1.88,158,159
Bergama,Uctepe Mah.,64,1.88,64,64
Bergama,Ikizler Mah.,129,1.88,129,129
Bergama,Incecikler Mah.,187,1.88,187,188
Bergama,Inesir Mah.,114,1.88,114,114
Bergama,Inkilap Mah.,1331,1.88,1334,1336
Bergama,Islamsaray Mah.,1477,1.88,1480,1483
Bergama,Ismailli Mah.,166,1.88,166,167
Beydag,Adakure Mah.,387,-4.61,385,383
Beydag,Aktepe Mah.,451,-4.61,449,447
Beydag,Alakecili Mah.,102,-4.61,102,101
Beydag,Ataturk Mah.,2262,-4.61,2252,2241
Beydag,Bakirkoy Mah.,221,-4.61,220,219
Beydag,Beykoy Mah.,291,-4.61,290,288
Beydag,Cumhuriyet Mah.,3061,-4.61,3047,3033
Beydag,Erikli Mah.,330,-4.61,328,327
Beydag,Egridere Mah.,635,-4.61,632,629
Beydag,Halikoy Mah.,381,-4.61,379,377
Beydag,Karaoba Mah.,341,-4.61,339,338
Beydag,Kurudere Mah.,462,-4.61,460,458
Beydag,Menderes Mah.,128,-4.61,127,127
Beydag,Mutaflar Mah.,291,-4.61,290,288
Beydag,Palamutcuk Mah.,234,-4.61,233,232
Beydag,Sarikaya Mah.,181,-4.61,180,179
Beydag,Tabaklar Mah.,65,-4.61,65,64
Beydag,Yagcilar Mah.,428,-4.61,426,424
Beydag,Yeniyurt Mah.,74,-4.61,74,73
Beydag,Yesiltepe Mah.,269,-4.61,268,267
Beydag,Yukariaktepe Mah.,299,-4.61,298,296
Beydag,Yukaritosunlar Mah.,157,-4.61,156,156
Beydag,Camlik Mah.,378,-4.61,376,375
Beydag,Ciftlikkoy Mah.,176,-4.61,175,174
Beydag,Comaklar Mah.,300,-4.61,299,297
Bornova,Ataturk Mah.,29527,8.3,29772,30019
Bornova,Barbaros Mah.,11413,8.3,11508,11603
Bornova,Besyol Mah.,381,8.3,384,387
Bornova,Birlik Mah.,6274,8.3,6326,6379
Bornova,Doganlar Mah.,22291,8.3,22476,22663
Bornova,Egemenlik Mah.,2371,8.3,2391,2411
Bornova,Ergene Mah.,11031,8.3,11123,11215
Bornova,Erzene Mah.,39767,8.3,40097,40430
Bornova,Evka 3 Mah.,20649,8.3,20820,20993
Bornova,Evka 4 Mah.,14179,8.3,14297,14415
Bornova,Egridere Mah.,1919,8.3,1935,1951
Bornova,Gazi Osman Pasa Mah.,12642,8.3,12747,12853
Bornova,Gokdere Mah.,379,8.3,382,385
Bornova,Gurpinar Mah.,12214,8.3,12315,12418
Bornova,Isiklar Mah.,2507,8.3,2528,2549
Bornova,Karacaoglan Mah.,8949,8.3,9023,9098
Bornova,Karacam Mah.,691,8.3,697,703
Bornova,Kavaklidere Mah.,3220,8.3,3247,3274
Bornova,Kayadibi Mah.,288,8.3,290,293
Bornova,Kazimdirik Mah.,36762,8.3,37067,37375
Bornova,Kemalpasa Mah.,11065,8.3,11157,11249
Bornova,Kosukavak Mah.,7690,8.3,7754,7818
Bornova,Kurudere Mah.,61,8.3,62,62
Bornova,Kizilay Mah.,15749,8.3,15880,16012
Bornova,Laka Mah.,449,8.3,453,456
Bornova,Meric Mah.,8568,8.3,8639,8711
Bornova,Merkez Mah.,6198,8.3,6249,6301
Bornova,Mevlana Mah.,25747,8.3,25961,26176
Bornova,Naldoken Mah.,10874,8.3,10964,11055
Bornova,Rafet Pasa Mah.,17716,8.3,17863,18011
Bornova,Sarnickoy Mah.,103,8.3,104,105
Bornova,Serintepe Mah.,6397,8.3,6450,6504
Bornova,Tuna Mah.,7200,8.3,7260,7320
Bornova,Yakakoy Mah.,1606,8.3,1619,1633
Bornova,Yesilova Mah.,32289,8.3,32557,32827
Bornova,Yesilcam Mah.,3938,8.3,3971,4004
Bornova,Yunus Emre Mah.,3190,8.3,3216,3243
Bornova,Yildirim Beyazit Mah.,5637,8.3,5684,5731
Bornova,Zafer Mah.,9019,8.3,9094,9169
Bornova,Camici Mah.,295,8.3,297,300
Bornova,Camkule Mah.,6358,8.3,6411,6464
Bornova,Cicekli Mah.,381,8.3,384,387
Bornova,Cinar Mah.,3905,8.3,3937,3970
Bornova,Umit Mah.,4380,8.3,4416,4453
Bornova,Inonu Mah.,26210,8.3,26428,26647
Buca,29 Ekim Mah.,1632,-4.31,1625,1618
Buca,Adatepe Mah.,20517,-4.31,20429,20341
Buca,Akincilar Mah.,11261,-4.31,11212,11164
Buca,Ataturk Mah.,19651,-4.31,19566,19482
Buca,Aydogdu Mah.,9467,-4.31,9426,9386
Buca,Baris Mah.,13169,-4.31,13112,13056
Buca,Belenbasi Mah.,1838,-4.31,1830,1822
Buca,Buca Koop Mah.,19565,-4.31,19481,19397
Buca,Cumhuriyet Mah.,4610,-4.31,4590,4570
Buca,Dicle Mah.,5892,-4.31,5867,5841
Buca,Dogancilar Mah.,326,-4.31,325,323
Buca,Dumlupinar Mah.,4070,-4.31,4052,4035
Buca,Efeler Mah.,19357,-4.31,19274,19191
Buca,Firat Mah.,21027,-4.31,20936,20846
Buca,Gaziler Mah.,6774,-4.31,6745,6716
Buca,Goksu Mah.,29709,-4.31,29581,29453
Buca,Guven Mah.,6549,-4.31,6521,6493
Buca,Hurriyet Mah.,14623,-4.31,14560,14497
Buca,Karacaagac Mah.,1014,-4.31,1010,1005
Buca,Karanfil Mah.,3694,-4.31,3678,3662
Buca,Kaynaklar Merkez Mah.,1891,-4.31,1883,1875
Buca,Kozagac Mah.,21203,-4.31,21112,21021
Buca,Kurucesme Mah.,17407,-4.31,17332,17257
Buca,Kirklar Mah.,3511,-4.31,3496,3481
Buca,Laleli Mah.,6993,-4.31,6963,6933
Buca,Menderes Mah.,13080,-4.31,13024,12967
Buca,Murathan Mah.,3641,-4.31,3625,3610
Buca,Mustafa Kemal Mah.,22106,-4.31,22011,21916
Buca,Seyhan Mah.,2494,-4.31,2483,2473
Buca,Ufuk Mah.,15852,-4.31,15784,15716
Buca,Vali Rahmi Bey Mah.,8838,-4.31,8800,8762
Buca,Yaylacik Mah.,17352,-4.31,17277,17203
Buca,Yenigun Mah.,22055,-4.31,21960,21865
Buca,Yesilbaglar Mah.,19299,-4.31,19216,19133
Buca,Yigitler Mah.,14034,-4.31,13974,13913
Buca,Yildiz Mah.,26517,-4.31,26403,26289
Buca,Yildizlar Mah.,873,-4.31,869,865
Buca,Zafer Mah.,1578,-4.31,1571,1564
Buca,Caldiran Mah.,3298,-4.31,3284,3270
Buca,Camlik Mah.,9316,-4.31,9276,9236
Buca,Camlikule Mah.,21632,-4.31,21539,21446
Buca,Camlipinar Mah.,12209,-4.31,12156,12104
Buca,Cagdas Mah.,2358,-4.31,2348,2338
Buca,Inkilap Mah.,9679,-4.31,9637,9596
Buca,Inonu Mah.,19626,-4.31,19541,19457
Buca,Izkent Mah.,5152,-4.31,5130,5108
Buca,Sirinkapi Mah.,4197,-4.31,4179,4161
Dikili,Bademli Mah.,1313,10.04,1326,1339
Dikili,Bahceli Mah.,753,10.04,761,768
Dikili,Cumhuriyet Mah.,4131,10.04,4172,4214
Dikili,Deliktas Mah.,1447,10.04,1462,1476
Dikili,Demirtas Mah.,263,10.04,266,268
Dikili,Denizkoy Mah.,365,10.04,369,372
Dikili,Esentepe Mah.,268,10.04,271,273
Dikili,Gazipasa Mah.,6236,10.04,6299,6362
Dikili,Gokceagil Mah.,250,10.04,253,255
Dikili,Kabakum Mah.,1932,10.04,1951,1971
Dikili,Katiralani Mah.,134,10.04,135,137
Dikili,Kocaoba Mah.,134,10.04,135,137
Dikili,Kiratli Mah.,680,10.04,687,694
Dikili,Kiroba Mah.,70,10.04,71,71
Dikili,Kizilcukur Mah.,203,10.04,205,207
Dikili,Mazili Mah.,137,10.04,138,140
Dikili,Merdivenli Mah.,198,10.04,200,202
Dikili,Nebiler Mah.,192,10.04,194,196
Dikili,Salihler Mah.,4016,10.04,4056,4097
Dikili,Salimbey Mah.,6341,10.04,6405,6469
Dikili,Samanlikkoy Mah.,81,10.04,82,83
Dikili,Uzunburun Mah.,298,10.04,301,304
Dikili,Yahsibey Mah.,225,10.04,227,230
Dikili,Yaylayurt Mah.,503,10.04,508,513
Dikili,Yenice Mah.,107,10.04,108,109
Dikili,Candarli Mah.,8381,10.04,8465,8550
Dikili,Caglan Mah.,113,10.04,114,115
Dikili,Cukuralani Mah.,107,10.04,108,109
Dikili,Islamlar Mah.,250,10.04,253,255
Dikili,Ismetpasa Mah.,10010,10.04,10111,10212
Foca,Ataturk Mah.,6745,27.5,6930,7121
Foca,Cumhuriyet Mah.,1483,27.5,1524,1566
Foca,Fatih Mah.,778,27.5,799,821
Foca,Fevzi Cakmak Mah.,1810,27.5,1860,1911
Foca,Fevzipasa Mah.,1150,27.5,1182,1214
Foca,Haciveli Mah.,2648,27.5,2721,2796
Foca,Ilipinar Mah.,813,27.5,835,858
Foca,Kazim Dirik Mah.,4047,27.5,4158,4273
Foca,Kemal Ataturk Mah.,898,27.5,923,948
Foca,Koca Mehmetler Mah.,191,27.5,196,202
Foca,Kozbeyli Mah.,875,27.5,899,924
Foca,Maresal Fevzi Cakmak Mah.,878,27.5,902,927
Foca,Mustafa Kemal Ataturk Mah.,6680,27.5,6864,7052
Foca,Yenibagarasi Mah.,5264,27.5,5409,5558
Foca,Yenikoy Mah.,349,27.5,359,368
Foca,Ismetpasa Mah.,3102,27.5,3187,3275
Gaziemir,Aktepe Mah.,5980,2.12,5993,6005
Gaziemir,Ataturk Mah.,6253,2.12,6266,6280
Gaziemir,Atifbey Mah.,15315,2.12,15347,15380
Gaziemir,Beyazevler Mah.,6844,2.12,6859,6873
Gaziemir,Binbasi Resatbey Mah.,3758,2.12,3766,3774
Gaziemir,Dokuz Eylul Mah.,11452,2.12,11476,11501
Gaziemir,Emrez Mah.,5373,2.12,5384,5396
Gaziemir,Fatih Mah.,5678,2.12,5690,5702
Gaziemir,Gazi Mah.,15654,2.12,15687,15720
Gaziemir,Gazikent Mah.,7593,2.12,7609,7625
Gaziemir,Hurriyet Mah.,9959,2.12,9980,10001
Gaziemir,Irmak Mah.,16418,2.12,16453,16488
Gaziemir,Menderes Mah.,7146,2.12,7161,7176
Gaziemir,Sevgi Mah.,7499,2.12,7515,7531
Gaziemir,Yesil Mah.,8864,2.12,8883,8902
Gaziemir,Zafer Mah.,3434,2.12,3441,3449
Guzelbahce,Ataturk Mah.,2906,24.98,2979,3053
Guzelbahce,Kahramandere Mah.,6134,24.98,6287,6444
Guzelbahce,Kucukkaya Mah.,269,24.98,276,283
Guzelbahce,Maltepe Mah.,4313,24.98,4421,4531
Guzelbahce,Mustafa Kemal Pasa Mah.,4220,24.98,4325,4433
Guzelbahce,Payamli Mah.,365,24.98,374,383
Guzelbahce,Siteler Mah.,3002,24.98,3077,3154
Guzelbahce,Yaka Mah.,583,24.98,598,612
Guzelbahce,Yali Mah.,6030,24.98,6181,6335
Guzelbahce,Yelki Mah.,6875,24.98,7047,7223
Guzelbahce,Camli Mah.,2085,24.98,2137,2190
Guzelbahce,Celebi Mah.,2692,24.98,2759,2828
Karabaglar,Abdi Ipekci Mah.,7130,-11.66,7047,6965
Karabaglar,Adnan Suvari Mah.,3940,-11.66,3894,3849
Karabaglar,Ali Fuat Cebesoy Mah.,12421,-11.66,12276,12133
Karabaglar,Ali Fuat Erden Mah.,2224,-11.66,2198,2172
Karabaglar,Arap Hasan Mah.,9192,-11.66,9085,8979
Karabaglar,Aydin Mah.,8106,-11.66,8011,7918
Karabaglar,Asik Veysel Mah.,1703,-11.66,1683,1664
Karabaglar,Bahar Mah.,10609,-11.66,10485,10363
Karabaglar,Bahriye Ucok Mah.,2673,-11.66,2642,2611
Karabaglar,Bahcelievler Mah.,13896,-11.66,13734,13574
Karabaglar,Baris Mah.,7428,-11.66,7341,7256
Karabaglar,Basin Sitesi Mah.,15698,-11.66,15515,15334
Karabaglar,Bozyaka Mah.,15577,-11.66,15395,15216
Karabaglar,Cennetoglu Mah.,3833,-11.66,3788,3744
Karabaglar,Cennetcesme Mah.,3105,-11.66,3069,3033
Karabaglar,Devrim Mah.,8020,-11.66,7926,7834
Karabaglar,Doganay Mah.,10396,-11.66,10275,10155
Karabaglar,Esenlik Mah.,7894,-11.66,7802,7711
Karabaglar,Esentepe Mah.,5353,-11.66,5291,5229
Karabaglar,Esenyali Mah.,7027,-11.66,6945,6864
Karabaglar,Fahrettin Altay Mah.,9518,-11.66,9407,9297
Karabaglar,Gazi Mah.,4079,-11.66,4031,3984
Karabaglar,General Asim Gunduz Mah.,1642,-11.66,1623,1604
Karabaglar,General Kazim Ozalp Mah.,4999,-11.66,4941,4883
Karabaglar,Gulyaka Mah.,11153,-11.66,11023,10894
Karabaglar,Gunaltay Mah.,20818,-11.66,20575,20335
Karabaglar,Karabaglar Mah.,7621,-11.66,7532,7444
Karabaglar,Kavacik Mah.,713,-11.66,705,696
Karabaglar,Kazim Karabekir Mah.,11841,-11.66,11703,11566
Karabaglar,Kibar Mah.,5553,-11.66,5488,5424
Karabaglar,Limontepe Mah.,4534,-11.66,4481,4429
Karabaglar,Maliyeciler Mah.,5804,-11.66,5736,5669
Karabaglar,Metin Oktay Mah.,6496,-11.66,6420,6345
Karabaglar,Muammer Akar Mah.,6857,-11.66,6777,6698
Karabaglar,Osman Aksuner Mah.,683,-11.66,675,667
Karabaglar,Peker Mah.,10527,-11.66,10404,10283
Karabaglar,Poligon Mah.,3929,-11.66,3883,3838
Karabaglar,Refet Bele Mah.,12088,-11.66,11947,11808
Karabaglar,Reis Mah.,10043,-11.66,9926,9810
Karabaglar,Salih Omurtak Mah.,5730,-11.66,5663,5597
Karabaglar,Sariyer Mah.,8403,-11.66,8305,8208
Karabaglar,Selvili Mah.,8434,-11.66,8336,8238
Karabaglar,Sevgi Mah.,9726,-11.66,9613,9501
Karabaglar,Tahsin Yazici Mah.,8820,-11.66,8717,8616
Karabaglar,Tirazli Mah.,151,-11.66,149,147
Karabaglar,Umut Mah.,9769,-11.66,9655,9543
Karabaglar,Uzundere Mah.,4049,-11.66,4002,3955
Karabaglar,Ugur Mumcu Mah.,8391,-11.66,8293,8196
Karabaglar,Vatan Mah.,24325,-11.66,24041,23761
Karabaglar,Yasar Kemal Mah.,7850,-11.66,7758,7668
Karabaglar,Yunus Emre Mah.,21457,-11.66,21207,20960
Karabaglar,Yurdoglu Mah.,10245,-11.66,10126,10007
Karabaglar,Yuzbasi Serafettin Mah.,6085,-11.66,6014,5944
Karabaglar,Calikusu Mah.,10911,-11.66,10784,10658
Karabaglar,Ozgur Mah.,5506,-11.66,5442,5378
Karabaglar,Uckuyular Mah.,8962,-11.66,8858,8754
Karabaglar,Ihsan Alyanak Mah.,10415,-11.66,10294,10174
Karabaglar,Sehitler Mah.,3220,-11.66,3182,3145
Karaburun,Anbarseki Mah.,253,18.53,258,262
Karaburun,Bozkoy Mah.,247,18.53,252,256
Karaburun,Eglenhoca Mah.,507,18.53,516,526
Karaburun,Hasseki Mah.,137,18.53,140,142
Karaburun,Kosedere Mah.,488,18.53,497,506
Karaburun,Kucukbahce Mah.,542,18.53,552,562
Karaburun,Merkez Mah.,1344,18.53,1369,1394
Karaburun,Mordogan Mah.,6249,18.53,6365,6483
Karaburun,Parlak Mah.,156,18.53,159,162
Karaburun,Saip Mah.,519,18.53,529,538
Karaburun,Salman Mah.,132,18.53,134,137
Karaburun,Sarpincik Mah.,141,18.53,144,146
Karaburun,Tepeboz Mah.,371,18.53,378,385
Karaburun,Yayla Mah.,87,18.53,89,90
Karaburun,Inecik Mah.,271,18.53,276,281
Karaburun,Iskele Mah.,2281,18.53,2323,2366
Karsiyaka,Aksoy Mah.,10728,-5.74,10666,10605
Karsiyaka,Alaybey Mah.,6990,-5.74,6950,6910
Karsiyaka,Atakent Mah.,6172,-5.74,6137,6101
Karsiyaka,Bahariye Mah.,11814,-5.74,11746,11679
Karsiyaka,Bahriye Ucok Mah.,11988,-5.74,11919,11851
Karsiyaka,Bahcelievler Mah.,24687,-5.74,24545,24404
Karsiyaka,Bostanli Mah.,29564,-5.74,29394,29226
Karsiyaka,Cumhuriyet Mah.,12934,-5.74,12860,12786
Karsiyaka,Dedebasi Mah.,20015,-5.74,19900,19786
Karsiyaka,Demirkopru Mah.,6811,-5.74,6772,6733
Karsiyaka,Donanmaci Mah.,9507,-5.74,9452,9398
Karsiyaka,Fikri Altay Mah.,7952,-5.74,7906,7861
Karsiyaka,Goncalar Mah.,9169,-5.74,9116,9064
Karsiyaka,Latife Hanim Mah.,2316,-5.74,2303,2289
Karsiyaka,Mavisehir Mah.,13952,-5.74,13872,13792
Karsiyaka,Mustafa Kemal Mah.,10406,-5.74,10346,10287
Karsiyaka,Nergiz Mah.,8028,-5.74,7982,7936
Karsiyaka,Sancakli Mah.,176,-5.74,175,174
Karsiyaka,Tersane Mah.,6431,-5.74,6394,6357
Karsiyaka,Tuna Mah.,5499,-5.74,5467,5436
Karsiyaka,Yali Mah.,36948,-5.74,36736,36525
Karsiyaka,Yamanlar Mah.,143,-5.74,142,141
Karsiyaka,Zubeyde Hanim Mah.,17046,-5.74,16948,16851
Karsiyaka,Ornekkoy Mah.,24290,-5.74,24151,24012
Karsiyaka,Imbatli Mah.,8890,-5.74,8839,8788
Karsiyaka,Inonu Mah.,8217,-5.74,8170,8123
Karsiyaka,Semikler Mah.,28951,-5.74,28785,28620
Kemalpasa,Akalan Mah.,1257,20.27,1282,1308
Kemalpasa,Ansizca Mah.,618,20.27,631,643
Kemalpasa,Armutlu 85.Yil Cumhuriyet Mah.,5252,20.27,5358,5467
Kemalpasa,Armutlu Hurriyet Mah.,5546,20.27,5658,5773
Kemalpasa,Ataturk Mah.,5902,20.27,6022,6144
Kemalpasa,Asagi Yenmis Mah.,588,20.27,600,612
Kemalpasa,Asagikizilca Mah.,1632,20.27,1665,1699
Kemalpasa,Bayramli Mah.,142,20.27,145,148
Kemalpasa,Bagyurdu 29 Ekim Mah.,1823,20.27,1860,1898
Kemalpasa,Bagyurdu Kazimpasa Mah.,2612,20.27,2665,2719
Kemalpasa,Bagyurdu Kemal Ataturk Mah.,260,20.27,265,271
Kemalpasa,Bagyurdu Yeni Mah.,1757,20.27,1793,1829
Kemalpasa,Bespinar Mah.,137,20.27,140,143
Kemalpasa,Cumali Mah.,184,20.27,188,192
Kemalpasa,Damlacik Mah.,1336,20.27,1363,1391
Kemalpasa,Derekoy Mah.,416,20.27,424,433
Kemalpasa,Gokyaka Mah.,111,20.27,113,116
Kemalpasa,Gokceyurt Mah.,248,20.27,253,258
Kemalpasa,Halilbeyli Mah.,1408,20.27,1437,1466
Kemalpasa,Hamzababa Mah.,100,20.27,102,104
Kemalpasa,Kamberler Mah.,169,20.27,172,176
Kemalpasa,Kuyucak Mah.,685,20.27,699,713
Kemalpasa,Kiziluzum Mah.,791,20.27,807,823
Kemalpasa,Mehmet Akif Ersoy Mah.,19913,20.27,20317,20728
Kemalpasa,Nazarkoy Mah.,345,20.27,352,359
Kemalpasa,Ovacik Mah.,224,20.27,229,233
Kemalpasa,Sarilar Mah.,1009,20.27,1029,1050
Kemalpasa,Saricali Mah.,411,20.27,419,428
Kemalpasa,Sekiz Eylul Mah.,15563,20.27,15878,16200
Kemalpasa,Sinancilar Mah.,722,20.27,737,752
Kemalpasa,Sogukpinar Mah.,9920,20.27,10121,10326
Kemalpasa,Sutculer Mah.,4282,20.27,4369,4457
Kemalpasa,Ulucak Cumhuriyet Mah.,3888,20.27,3967,4047
Kemalpasa,Ulucak Mustafa Kemal Ataturk Mah.,6658,20.27,6793,6931
Kemalpasa,Ulucak Istiklal Mah.,5599,20.27,5712,5828
Kemalpasa,Visneli Mah.,627,20.27,640,653
Kemalpasa,Yenikurudere Mah.,317,20.27,323,330
Kemalpasa,Yenmis Mah.,343,20.27,350,357
Kemalpasa,Yesilkoy Mah.,143,20.27,146,149
Kemalpasa,Yesilyurt Mah.,158,20.27,161,164
Kemalpasa,Yigitler Mah.,1573,20.27,1605,1637
Kemalpasa,Yukarikizilca Merkez Mah.,2788,20.27,2845,2902
Kemalpasa,Zeamet Mah.,75,20.27,77,78
Kemalpasa,Cambel Mah.,4730,20.27,4826,4924
Kemalpasa,Cinilikoy Mah.,569,20.27,581,592
Kemalpasa,Cinarkoy Mah.,1233,20.27,1258,1283
Kemalpasa,Oren 75.Yil Cumhuriyet Mah.,3866,20.27,3944,4024
Kemalpasa,Oren Egemen Mah.,619,20.27,632,644
Kemalpasa,Ornekkoy Mah.,4141,20.27,4225,4311
Kiraz,Ahmetler Mah.,138,-1.41,138,138
Kiraz,Akpinar Mah.,1281,-1.41,1279,1277
Kiraz,Altinoluk Mah.,472,-1.41,471,471
Kiraz,Arkacilar Mah.,371,-1.41,370,370
Kiraz,Avunduruk Mah.,139,-1.41,139,139
Kiraz,Aydogdu Mah.,313,-1.41,313,312
Kiraz,Bahcearasi Mah.,444,-1.41,443,443
Kiraz,Basaran Mah.,319,-1.41,319,318
Kiraz,Ceritler Mah.,741,-1.41,740,739
Kiraz,Cevizli Mah.,1334,-1.41,1332,1330
Kiraz,Cumhuriyet Mah.,2759,-1.41,2755,2751
Kiraz,Dokuzlar Mah.,409,-1.41,408,408
Kiraz,Dogancilar Mah.,1303,-1.41,1301,1299
Kiraz,Emenler Mah.,316,-1.41,316,315
Kiraz,Gedik Mah.,330,-1.41,330,329
Kiraz,Haliller Mah.,1209,-1.41,1207,1206
Kiraz,Hisar Mah.,439,-1.41,438,438
Kiraz,Kalekoy Mah.,456,-1.41,455,455
Kiraz,Karabag Mah.,218,-1.41,218,217
Kiraz,Karabulu Mah.,446,-1.41,445,445
Kiraz,Karaburc Mah.,2505,-1.41,2501,2498
Kiraz,Karaman Mah.,463,-1.41,462,462
Kiraz,Kibar Mah.,390,-1.41,389,389
Kiraz,Kirkoy Mah.,655,-1.41,654,653
Kiraz,Mavidere Mah.,679,-1.41,678,677
Kiraz,Mersinlidere Mah.,556,-1.41,555,554
Kiraz,Olgunlar Mah.,1476,-1.41,1474,1472
Kiraz,Ovacik Mah.,333,-1.41,333,332
Kiraz,Pinarbasi Mah.,118,-1.41,118,118
Kiraz,Sarikaya Mah.,414,-1.41,413,413
Kiraz,Sarisu Mah.,367,-1.41,366,366
Kiraz,Sacli Mah.,279,-1.41,279,278
Kiraz,Solaklar Mah.,853,-1.41,852,851
Kiraz,Suludere Mah.,1416,-1.41,1414,1412
Kiraz,Sirimli Mah.,620,-1.41,619,618
Kiraz,Tasliyatak Mah.,434,-1.41,433,433
Kiraz,Tekbicaklar Mah.,461,-1.41,460,460
Kiraz,Tumbullar Mah.,256,-1.41,256,255
Kiraz,Umurcali Mah.,483,-1.41,482,482
Kiraz,Umurlu Mah.,926,-1.41,925,923
Kiraz,Uzunkoy Mah.,371,-1.41,370,370
Kiraz,Veliler Mah.,424,-1.41,423,423
Kiraz,Yaglar Mah.,448,-1.41,447,447
Kiraz,Yeni Mah.,2896,-1.41,2892,2888
Kiraz,Yenikoy Mah.,573,-1.41,572,571
Kiraz,Yenisehir Mah.,410,-1.41,409,409
Kiraz,Yesildere Mah.,342,-1.41,342,341
Kiraz,Canakci Mah.,286,-1.41,286,285
Kiraz,Catak Mah.,294,-1.41,294,293
Kiraz,Cayagzi Mah.,2128,-1.41,2125,2122
Kiraz,Comlekci Mah.,762,-1.41,761,760
Kiraz,Oren Mah.,590,-1.41,589,588
Kiraz,Orencik Mah.,975,-1.41,974,972
Kiraz,Istiklal Mah.,3681,-1.41,3676,3671
Kiraz,Igdeli Mah.,1458,-1.41,1456,1454
Kiraz,Semsiler Mah.,581,-1.41,580,579
Konak,1.Kadriye Mah.,6868,-15.61,6761,6655
Konak,19 Mayis Mah.,2593,-15.61,2553,2513
Konak,2.Kadriye Mah.,6167,-15.61,6071,5976
Konak,26 Agustos Mah.,2403,-15.61,2365,2329
Konak,Akarcali Mah.,3006,-15.61,2959,2913
Konak,Akdeniz Mah.,317,-15.61,312,307
Konak,Akin Simav Mah.,3733,-15.61,3675,3617
Konak,Akinci Mah.,377,-15.61,371,365
Konak,Ali Reis Mah.,1211,-15.61,1192,1173
Konak,Alsancak Mah.,5388,-15.61,5304,5221
Konak,Altay Mah.,619,-15.61,609,600
Konak,Altinordu Mah.,695,-15.61,684,673
Konak,Altintas Mah.,5009,-15.61,4931,4854
Konak,Anadolu Mah.,1642,-15.61,1616,1591
Konak,Atamer Mah.,2906,-15.61,2861,2816
Konak,Atilla Mah.,10889,-15.61,10719,10552
Konak,Aziziye Mah.,3740,-15.61,3682,3624
Konak,Ballikuyu Mah.,2955,-15.61,2909,2863
Konak,Barbaros Mah.,6399,-15.61,6299,6201
Konak,Bozkurt Mah.,183,-15.61,180,177
Konak,Bogazici Mah.,3029,-15.61,2982,2935
Konak,Cengiz Topel Mah.,2018,-15.61,1986,1955
Konak,Dayiemir Mah.,564,-15.61,555,547
Konak,Dolaplikuyu Mah.,810,-15.61,797,785
Konak,Duatepe Mah.,2299,-15.61,2263,2228
Konak,Ege Mah.,2170,-15.61,2136,2103
Konak,Emir Sultan Mah.,1665,-15.61,1639,1613
Konak,Etiler Mah.,1366,-15.61,1345,1324
Konak,Faik Pasa Mah.,1062,-15.61,1045,1029
Konak,Fatih Mah.,492,-15.61,484,477
Konak,Ferahli Mah.,6877,-15.61,6770,6664
Konak,Fevzi Pasa Mah.,58,-15.61,57,56
Konak,Goztepe Mah.,15322,-15.61,15083,14847
Konak,Guney Mah.,3774,-15.61,3715,3657
Konak,Gunes Mah.,46,-15.61,45,45
Konak,Gunesli Mah.,7588,-15.61,7470,7353
Konak,Gungor Mah.,1029,-15.61,1013,997
Konak,Guzelyali Mah.,16508,-15.61,16250,15997
Konak,Guzelyurt Mah.,18,-15.61,18,17
Konak,Halkapinar Mah.,1395,-15.61,1373,1352
Konak,Hasan Ozdemir Mah.,2717,-15.61,2675,2633
Konak,Hilal Mah.,2228,-15.61,2193,2159
Konak,Hursidiye Mah.,49,-15.61,48,47
Konak,Huzur Mah.,1991,-15.61,1960,1929
Konak,Kadifekale Mah.,2685,-15.61,2643,2602
Konak,Kahraman Mescit Mah.,139,-15.61,137,135
Konak,Kahramanlar Mah.,3969,-15.61,3907,3846
Konak,Kemal Reis Mah.,3350,-15.61,3298,3246
Konak,Kestelli Mah.,49,-15.61,48,47
Konak,Kocakapi Mah.,2240,-15.61,2205,2171
Konak,Kocatepe Mah.,2023,-15.61,1991,1960
Konak,Konak Mah.,83,-15.61,82,80
Konak,Kosova Mah.,1580,-15.61,1555,1531
Konak,Kubilay Mah.,1861,-15.61,1832,1803
Konak,Kurtulus Mah.,96,-15.61,95,93
Konak,Kultur Mah.,7689,-15.61,7569,7451
Konak,Kucukada Mah.,1525,-15.61,1501,1478
Konak,Kilic Reis Mah.,6684,-15.61,6580,6477
Konak,Lale Mah.,3347,-15.61,3295,3243
Konak,Levent Mah.,3676,-15.61,3619,3562
Konak,Mecidiye Mah.,403,-15.61,397,391
Konak,Mehmet Akif Mah.,2618,-15.61,2577,2537
Konak,Mehmet Ali Akman Mah.,6336,-15.61,6237,6140
Konak,Mehtap Mah.,3138,-15.61,3089,3041
Konak,Mersinli Mah.,2024,-15.61,1992,1961
Konak,Millet Mah.,4427,-15.61,4358,4290
Konak,Mimar Sinan Mah.,5836,-15.61,5745,5655
Konak,Mirali Mah.,747,-15.61,735,724
Konak,Mithatpasa Mah.,7216,-15.61,7103,6992
Konak,Murat Mah.,4866,-15.61,4790,4715
Konak,Murat Reis Mah.,11182,-15.61,11007,10836
Konak,Namik Kemal Mah.,310,-15.61,305,300
Konak,Odunkapi Mah.,199,-15.61,196,193
Konak,Oguzlar Mah.,98,-15.61,96,95
Konak,Pazaryeri Mah.,1030,-15.61,1014,998
Konak,Piri Reis Mah.,4344,-15.61,4276,4209
Konak,Sakarya Mah.,597,-15.61,588,579
Konak,Saygi Mah.,4157,-15.61,4092,4028
Konak,Selcuk Mah.,2753,-15.61,2710,2668
Konak,Sumer Mah.,49,-15.61,48,47
Konak,Suvari Mah.,1529,-15.61,1505,1482
Konak,Tan Mah.,98,-15.61,96,95
Konak,Trakya Mah.,1399,-15.61,1377,1356
Konak,Turgut Reis Mah.,2752,-15.61,2709,2667
Konak,Tuzcu Mah.,1524,-15.61,1500,1477
Konak,Turkyilmaz Mah.,295,-15.61,290,286
Konak,Tinaztepe Mah.,1861,-15.61,1832,1803
Konak,Ulubatli Mah.,7668,-15.61,7548,7430
Konak,Umurbey Mah.,268,-15.61,264,260
Konak,Ugur Mah.,26,-15.61,26,25
Konak,Veziraga Mah.,61,-15.61,60,59
Konak,Yavuz Selim Mah.,1371,-15.61,1350,1329
Konak,Yeni Mah.,649,-15.61,639,629
Konak,Yenidogan Mah.,1760,-15.61,1733,1705
Konak,Yenigun Mah.,19,-15.61,19,18
Konak,Yenisehir Mah.,2943,-15.61,2897,2852
Konak,Yesildere Mah.,1290,-15.61,1270,1250
Konak,Yesiltepe Mah.,912,-15.61,898,884
Konak,Yildiz Mah.,132,-15.61,130,128
Konak,Zafertepe Mah.,12077,-15.61,11888,11703
Konak,Zeybek Mah.,1573,-15.61,1548,1524
Konak,Zeytinlik Mah.,7008,-15.61,6899,6791
Konak,Cahabey Mah.,422,-15.61,415,409
Konak,Cankaya Mah.,9788,-15.61,9635,9485
Konak,Cimentepe Mah.,2959,-15.61,2913,2867
Konak,Cinarli Mah.,549,-15.61,540,532
Konak,Cinartepe Mah.,5051,-15.61,4972,4895
Konak,Ulku Mah.,1163,-15.61,1145,1127
Konak,Imariye Mah.,59,-15.61,58,57
Konak,Ismet Kaptan Mah.,426,-15.61,419,413
Konak,Ismet Pasa Mah.,4120,-15.61,4056,3992
Konak,Sehit Nedim Tugaltay Mah.,146,-15.61,144,141
Kinik,Arpadere Mah.,294,-8.88,291,289
Kinik,Arpaseki Mah.,744,-8.88,737,731
Kinik,Aziziye Mah.,201,-8.88,199,197
Kinik,Asagi Mah.,1288,-8.88,1277,1265
Kinik,Bademalan Mah.,273,-8.88,271,268
Kinik,Balaban Mah.,122,-8.88,121,120
Kinik,Bagalan Mah.,493,-8.88,489,484
Kinik,Buyukoba Mah.,252,-8.88,250,248
Kinik,Cumali Mah.,280,-8.88,278,275
Kinik,Degirmencieli Mah.,100,-8.88,99,98
Kinik,Dundarli Mah.,306,-8.88,303,301
Kinik,Elmadere Mah.,533,-8.88,528,524
Kinik,Fatih Mah.,4389,-8.88,4350,4311
Kinik,Hamzahocali Mah.,221,-8.88,219,217
Kinik,Isiklar Mah.,206,-8.88,204,202
Kinik,Kalemkoy Mah.,130,-8.88,129,128
Kinik,Karadere Mah.,138,-8.88,137,136
Kinik,Karatekeli Mah.,97,-8.88,96,95
Kinik,Kocaomer Mah.,298,-8.88,295,293
Kinik,Kodukburun Mah.,26,-8.88,26,26
Kinik,Koseler Mah.,306,-8.88,303,301
Kinik,Musacali Mah.,56,-8.88,56,55
Kinik,Mistiklar Mah.,196,-8.88,194,193
Kinik,Osmaniye Mah.,3160,-8.88,3132,3104
Kinik,Poyracik Mah.,6000,-8.88,5947,5894
Kinik,Sucahli Mah.,187,-8.88,185,184
Kinik,Tastepe Mah.,575,-8.88,570,565
Kinik,Turkcedit Mah.,2032,-8.88,2014,1996
Kinik,Yayakent Mah.,1352,-8.88,1340,1328
Kinik,Yaylakoy Mah.,258,-8.88,256,253
Kinik,Yeni Mah.,2015,-8.88,1997,1979
Kinik,Yukari Mah.,679,-8.88,673,667
Kinik,Calti Mah.,386,-8.88,383,379
Kinik,Cankoy Mah.,222,-8.88,220,218
Kinik,Ciftlikkoy Mah.,133,-8.88,132,131
Kinik,Ortulu Mah.,544,-8.88,539,534
Kinik,Ibrahimaga Mah.,111,-8.88,110,109
Menderes,Ahmetbeyli Mah.,1073,12.48,1086,1100
Menderes,Akcakoy Mah.,463,12.48,469,475
Menderes,Altintepe Mah.,3871,12.48,3919,3968
Menderes,Ata Mah.,2203,12.48,2230,2258
Menderes,Atakoy Mah.,1877,12.48,1900,1924
Menderes,Barbaros Mah.,5165,12.48,5229,5295
Menderes,Bulgurca Mah.,2079,12.48,2105,2131
Menderes,Cuneytbey Mah.,9245,12.48,9360,9477
Menderes,Derekoy Mah.,1756,12.48,1778,1800
Menderes,Develi Mah.,2556,12.48,2588,2620
Menderes,Degirmendere Mah.,1634,12.48,1654,1675
Menderes,Efemcukuru Mah.,428,12.48,433,439
Menderes,Gazipasa Mah.,5486,12.48,5554,5624
Menderes,Golcukler Mah.,6109,12.48,6185,6262
Menderes,Golova Mah.,234,12.48,237,240
Menderes,Gorece Cumhuriyet Mah.,2831,12.48,2866,2902
Menderes,Gumuldur Ataturk Mah.,1613,12.48,1633,1654
Menderes,Gumuldur Cumhuriyet Mah.,780,12.48,790,800
Menderes,Gumuldur Fevzi Cakmak Mah.,4639,12.48,4697,4756
Menderes,Gumuldur Inonu Mah.,1127,12.48,1141,1155
Menderes,Hurriyet Mah.,4099,12.48,4150,4202
Menderes,Karakuyu Mah.,979,12.48,991,1004
Menderes,Kasimpasa Mah.,7077,12.48,7165,7255
Menderes,Keler Mah.,144,12.48,146,148
Menderes,Kemalpasa Mah.,10672,12.48,10805,10940
Menderes,Kuyucak Mah.,163,12.48,165,167
Menderes,Kuner Mah.,2780,12.48,2815,2850
Menderes,Kisik Mah.,481,12.48,487,493
Menderes,Mithatpasa Mah.,6915,12.48,7001,7089
Menderes,Orta Mah.,2910,12.48,2946,2983
Menderes,Oglananasi Ataturk Mah.,1409,12.48,1427,1444
Menderes,Oglananasi Cumhuriyet Mah.,1083,12.48,1097,1110
Menderes,Sancakli Mah.,855,12.48,866,876
Menderes,Tekeli Ataturk Mah.,1556,12.48,1575,1595
Menderes,Tekeli Fevzi Cakmak Mah.,1529,12.48,1548,1567
Menderes,Yenikoy Mah.,1060,12.48,1073,1087
Menderes,Cakaltepe Mah.,673,12.48,681,690
Menderes,Camonu Mah.,1791,12.48,1813,1836
Menderes,Catalca Mah.,606,12.48,614,621
Menderes,Cile Mah.,788,12.48,798,808
Menderes,Cileme Mah.,1931,12.48,1955,1979
Menderes,Cukuralti Mah.,6000,12.48,6075,6151
Menderes,Ozdere Cumhuriyet Mah.,1654,12.48,1675,1696
Menderes,Sasal Mah.,518,12.48,524,531
Menemen,29 Ekim Mah.,9055,28.06,9309,9570
Menemen,30 Agustos Mah.,19083,28.06,19618,20169
Menemen,75.Yil Cumhuriyet Mah.,457,28.06,470,483
Menemen,85.Yil Cumhuriyet Mah.,1964,28.06,2019,2076
Menemen,9 Eylul Mah.,10552,28.06,10848,11152
Menemen,Ahihidir Mah.,2494,28.06,2564,2636
Menemen,Alanici Mah.,379,28.06,390,401
Menemen,Ataturk Mah.,3906,28.06,4016,4128
Menemen,Ayvacik Mah.,402,28.06,413,425
Menemen,Bagcilar Mah.,167,28.06,172,177
Menemen,Belen Mah.,294,28.06,302,311
Menemen,Bozalan Mah.,273,28.06,281,289
Menemen,Buruncuk Mah.,442,28.06,454,467
Menemen,Camiikebir Mah.,1412,28.06,1452,1492
Menemen,Cumhuriyet Mah.,3773,28.06,3879,3988
Menemen,Degirmendere Mah.,1220,28.06,1254,1289
Menemen,Doga Mah.,576,28.06,592,609
Menemen,Emiralem Merkez Mah.,1484,28.06,1526,1568
Menemen,Esatpasa Mah.,9611,28.06,9881,10158
Menemen,Fatih Mah.,1462,28.06,1503,1545
Menemen,Gaybi Mah.,568,28.06,584,600
Menemen,Gazi Mah.,6038,28.06,6207,6382
Menemen,Gazi Mustafa Kemal Mah.,4504,28.06,4630,4760
Menemen,Goktepe Mah.,845,28.06,869,893
Menemen,Golcuk Mah.,7861,28.06,8082,8308
Menemen,Gorece Mah.,362,28.06,372,383
Menemen,Gunerli Mah.,243,28.06,250,257
Menemen,Hasanlar Mah.,299,28.06,307,316
Menemen,Hatundere Mah.,3329,28.06,3422,3518
Menemen,Haykiran Mah.,1034,28.06,1063,1093
Menemen,Irmak Mah.,8390,28.06,8625,8867
Menemen,Karaorman Mah.,109,28.06,112,115
Menemen,Kasimpasa Mah.,15287,28.06,15716,16157
Menemen,Kazimpasa Mah.,3021,28.06,3106,3193
Menemen,Kemal Ataturk Mah.,6457,28.06,6638,6824
Menemen,Kesik Mah.,731,28.06,752,773
Menemen,Kir Mah.,261,28.06,268,276
Menemen,Mermerli Mah.,7981,28.06,8205,8435
Menemen,Musabey Mah.,295,28.06,303,312
Menemen,Mustafa Kemal Ataturk Mah.,490,28.06,504,518
Menemen,Seydinnasrullah Mah.,592,28.06,609,626
Menemen,Suleymanli Mah.,527,28.06,542,557
Menemen,Suzbeyli Mah.,43,28.06,44,45
Menemen,Telekler Mah.,143,28.06,147,151
Menemen,Turgutlar Mah.,53,28.06,54,56
Menemen,Tuzcullu Mah.,278,28.06,286,294
Menemen,Tulbentli Mah.,2220,28.06,2282,2346
Menemen,Ulus Mah.,4062,28.06,4176,4293
Menemen,Ugur Mumcu Mah.,16975,28.06,17451,17941
Menemen,Villakent Mah.,2915,28.06,2997,3081
Menemen,Yahselli Mah.,4668,28.06,4799,4934
Menemen,Yanikkoy Mah.,704,28.06,724,744
Menemen,Yayla Mah.,987,28.06,1015,1043
Menemen,Yesil Pinar Mah.,4240,28.06,4359,4481
Menemen,Yildirim Mah.,1342,28.06,1380,1418
Menemen,Zafer Mah.,1223,28.06,1257,1293
Menemen,Zeytinlik Mah.,3063,28.06,3149,3237
Menemen,Calti Mah.,244,28.06,251,258
Menemen,Cavus Mah.,398,28.06,409,421
Menemen,Cukurkoy Mah.,689,28.06,708,728
Menemen,Incirli Pinar Mah.,6091,28.06,6262,6438
Menemen,Inonu Mah.,3049,28.06,3135,3223
Menemen,Ismet Inonu Mah.,13116,28.06,13484,13862
Menemen,Istiklal Mah.,15651,28.06,16090,16542
Menemen,Ignedere Mah.,125,28.06,129,132
Narlidere,2. Inonu Mah.,8492,-6.7,8435,8379
Narlidere,Altievler Mah.,2224,-6.7,2209,2194
Narlidere,Ataturk Mah.,5363,-6.7,5327,5291
Narlidere,Huzur Mah.,6803,-6.7,6757,6712
Narlidere,Ilica Mah.,8231,-6.7,8176,8121
Narlidere,Limanreis Mah.,3213,-6.7,3191,3170
Narlidere,Narli Mah.,7321,-6.7,7272,7223
Narlidere,Sahilevleri Mah.,2016,-6.7,2002,1989
Narlidere,Yenikale Mah.,5217,-6.7,5182,5147
Narlidere,Camtepe Mah.,5952,-6.7,5912,5873
Narlidere,Catalkaya Mah.,6488,-6.7,6445,6401
Seferihisar,Akarca Mah.,3019,44.91,3155,3296
Seferihisar,Ataturk Mah.,1696,44.91,1772,1852
Seferihisar,Bengiler Mah.,2670,44.91,2790,2915
Seferihisar,Beyler Mah.,342,44.91,357,373
Seferihisar,Camikebir Mah.,9997,44.91,10446,10915
Seferihisar,Cumhuriyet Mah.,1597,44.91,1669,1744
Seferihisar,Duzce Mah.,1503,44.91,1570,1641
Seferihisar,Godence Mah.,337,44.91,352,368
Seferihisar,Golcuk Mah.,137,44.91,143,150
Seferihisar,Hidirlik Mah.,7076,44.91,7394,7726
Seferihisar,Kavakdere Mah.,308,44.91,322,336
Seferihisar,Mersin Alani Mah.,3282,44.91,3429,3583
Seferihisar,Necat Hepkon Mah.,6024,44.91,6295,6577
Seferihisar,Orhanli Mah.,1426,44.91,1490,1557
Seferihisar,Payamli Mah.,1776,44.91,1856,1939
Seferihisar,Sigacik Mah.,4273,44.91,4465,4665
Seferihisar,Tepecik Mah.,2018,44.91,2109,2203
Seferihisar,Turabiye Mah.,7873,44.91,8227,8596
Seferihisar,Turgut Mah.,392,44.91,410,428
Seferihisar,Ulamis Mah.,3107,44.91,3247,3392
Seferihisar,Camtepe Mah.,126,44.91,132,138
Seferihisar,Colak Ibrahim Bey Mah.,4633,44.91,4841,5058
Seferihisar,Ihsaniye Mah.,100,44.91,104,109
Selcuk,14 Mayis Mah.,7244,-2.85,7223,7203
Selcuk,Acarlar Mah.,388,-2.85,387,386
Selcuk,Ataturk Mah.,7953,-2.85,7930,7908
Selcuk,Barutcu Mah.,142,-2.85,142,141
Selcuk,Belevi Mah.,1888,-2.85,1883,1877
Selcuk,Cumhuriyet Mah.,7107,-2.85,7087,7067
Selcuk,Gokcealan Mah.,984,-2.85,981,978
Selcuk,Havutculu Mah.,249,-2.85,248,248
Selcuk,Sultaniye Mah.,36,-2.85,36,36
Selcuk,Zafer Mah.,7804,-2.85,7782,7760
Selcuk,Zeytinkoy Mah.,757,-2.85,755,753
Selcuk,Camlik Mah.,980,-2.85,977,974
Selcuk,Isa Bey Mah.,2585,-2.85,2578,2570
Selcuk,Sirince Mah.,461,-2.85,460,458
Tire,4 Eylul Mah.,4062,-3.27,4049,4035
Tire,Adnan Menderes Mah.,5014,-3.27,4998,4981
Tire,Akkoyunlu Mah.,456,-3.27,455,453
Tire,Akmescit Mah.,457,-3.27,456,454
Tire,Akyurt Mah.,366,-3.27,365,364
Tire,Akcasehir Mah.,213,-3.27,212,212
Tire,Alacali Mah.,228,-3.27,227,227
Tire,Alayli Mah.,224,-3.27,223,223
Tire,Armutlu Mah.,46,-3.27,46,46
Tire,Ataturk Mah.,6153,-3.27,6133,6113
Tire,Ayaklikiri Mah.,302,-3.27,301,300
Tire,Bahariye Mah.,1068,-3.27,1065,1061
Tire,Baskoy Mah.,454,-3.27,453,451
Tire,Boynuyogun Mah.,326,-3.27,325,324
Tire,Buyukkale Mah.,463,-3.27,461,460
Tire,Buyukkemerdere Mah.,359,-3.27,358,357
Tire,Buyukkomurcu Mah.,318,-3.27,317,316
Tire,Cambazli Mah.,252,-3.27,251,250
Tire,Cumhuriyet Mah.,3545,-3.27,3533,3522
Tire,Dallik Mah.,316,-3.27,315,314
Tire,Dagdere Mah.,325,-3.27,324,323
Tire,Dere Mah.,1358,-3.27,1354,1349
Tire,Derebasi Mah.,840,-3.27,837,835
Tire,Dereli Mah.,260,-3.27,259,258
Tire,Dibekci Mah.,76,-3.27,76,76
Tire,Doyranli Mah.,286,-3.27,285,284
Tire,Duatepe Mah.,374,-3.27,373,372
Tire,Dumlupinar Mah.,557,-3.27,555,553
Tire,Dundarli Mah.,307,-3.27,306,305
Tire,Ertugrul Mah.,650,-3.27,648,646
Tire,Eskioba Mah.,481,-3.27,479,478
Tire,Egridere Mah.,612,-3.27,610,608
Tire,Fatih Mah.,11988,-3.27,11949,11910
Tire,Gokcen Mah.,926,-3.27,923,920
Tire,Halkapinar Mah.,159,-3.27,158,158
Tire,Hasancavuslar Mah.,150,-3.27,150,149
Tire,Hisarlik Mah.,188,-3.27,187,187
Tire,Hurriyet Mah.,8683,-3.27,8655,8626
Tire,Isiklar Mah.,460,-3.27,458,457
Tire,Isikli Mah.,742,-3.27,740,737
Tire,Kahrat Mah.,1152,-3.27,1148,1144
Tire,Kaplan Mah.,108,-3.27,108,107
Tire,Karaca Ali Mah.,233,-3.27,232,231
Tire,Karateke Mah.,558,-3.27,556,554
Tire,Ketenci Mah.,1322,-3.27,1318,1313
Tire,Kireli Mah.,669,-3.27,667,665
Tire,Kocaaliler Mah.,81,-3.27,81,80
Tire,Kurtulus Mah.,4891,-3.27,4875,4859
Tire,Kursak Mah.,154,-3.27,153,153
Tire,Kurdullu Mah.,282,-3.27,281,280
Tire,Kucukburun Mah.,143,-3.27,143,142
Tire,Kucukkale Mah.,212,-3.27,211,211
Tire,Kucukkemerdere Mah.,593,-3.27,591,589
Tire,Kucukkomurcu Mah.,120,-3.27,120,119
Tire,Kirtepe Mah.,439,-3.27,438,436
Tire,Kizilcahavlu Mah.,473,-3.27,471,470
Tire,Mahmutlar Mah.,324,-3.27,323,322
Tire,Mehmetler Mah.,188,-3.27,187,187
Tire,Musalar Mah.,215,-3.27,214,214
Tire,Ortakoy Mah.,129,-3.27,129,128
Tire,Osmancik Mah.,257,-3.27,256,255
Tire,Pasa Mah.,875,-3.27,872,869
Tire,Pesrefli Mah.,562,-3.27,560,558
Tire,Saruhanli Mah.,208,-3.27,207,207
Tire,Sarilar Mah.,506,-3.27,504,503
Tire,Somak Mah.,187,-3.27,186,186
Tire,Toki Mah.,2719,-3.27,2710,2701
Tire,Topalak Mah.,161,-3.27,160,160
Tire,Toparlar Mah.,105,-3.27,105,104
Tire,Turan Mah.,1578,-3.27,1573,1568
Tire,Turgutlu Mah.,141,-3.27,141,140
Tire,Yamandere Mah.,225,-3.27,224,224
Tire,Yemisler Mah.,92,-3.27,92,91
Tire,Yeni Mah.,1299,-3.27,1295,1291
Tire,Yenioba Mah.,233,-3.27,232,231
Tire,Yeniciftlik Mah.,523,-3.27,521,520
Tire,Yenisehir Mah.,106,-3.27,106,105
Tire,Yegenli Mah.,441,-3.27,440,438
Tire,Cayirli Mah.,264,-3.27,263,262
Tire,Cerikozu Mah.,342,-3.27,341,340
Tire,Ciniyeri Mah.,557,-3.27,555,553
Tire,Cobankoy Mah.,260,-3.27,259,258
Tire,Cukurkoy Mah.,129,-3.27,129,128
Tire,Uzumler Mah.,169,-3.27,168,168
Tire,Ibni Melek Mah.,4525,-3.27,4510,4495
Tire,Ihsaniye Mah.,1856,-3.27,1850,1844
Tire,Ipekciler Mah.,1629,-3.27,1624,1618
Tire,Istiklal Mah.,1249,-3.27,1245,1241
Torbali,19 Mayis Mah.,832,24.34,852,873
Torbali,Ahmetli Mah.,1006,24.34,1030,1056
Torbali,Alpkent Mah.,9891,24.34,10132,10378
Torbali,Arslanlar Mah.,838,24.34,858,879
Torbali,Atalan Mah.,462,24.34,473,485
Torbali,Ataturk Mah.,15007,24.34,15372,15746
Torbali,Ayrancilar Mah.,17428,24.34,17852,18287
Torbali,Bahcelievler Mah.,5274,24.34,5402,5534
Torbali,Bozkoy Mah.,455,24.34,466,477
Torbali,Bulbuldere Mah.,170,24.34,174,178
Torbali,Cumhuriyet Mah.,10377,24.34,10630,10888
Torbali,Dagkizilca Mah.,961,24.34,984,1008
Torbali,Dagteke Mah.,149,24.34,153,156
Torbali,Demirci Mah.,517,24.34,530,542
Torbali,Dirmil Mah.,741,24.34,759,778
Torbali,Duverlik Mah.,167,24.34,171,175
Torbali,Ertugrul Mah.,19213,24.34,19681,20160
Torbali,Egerci Mah.,1028,24.34,1053,1079
Torbali,Fevzi Cakmak Mah.,15461,24.34,15837,16223
Torbali,Gazi Mustafa Kemal Mah.,1090,24.34,1117,1144
Torbali,Golluce Mah.,650,24.34,666,682
Torbali,Helvaci Mah.,218,24.34,223,229
Torbali,Kaplancik Mah.,253,24.34,259,265
Torbali,Karakuyu Mah.,533,24.34,546,559
Torbali,Karakizlar Mah.,481,24.34,493,505
Torbali,Karaot Mah.,275,24.34,282,289
Torbali,Karsiyaka Mah.,2720,24.34,2786,2854
Torbali,Kazim Karabekir Mah.,3368,24.34,3450,3534
Torbali,Kuscuburun Mah.,1900,24.34,1946,1994
Torbali,Kirbas Mah.,234,24.34,240,246
Torbali,Muratbey Mah.,24226,24.34,24816,25420
Torbali,Mustafa Kemal Ataturk Mah.,1028,24.34,1053,1079
Torbali,Naime Mah.,292,24.34,299,306
Torbali,Ormankoy Mah.,290,24.34,297,304
Torbali,Ortakoy Mah.,101,24.34,103,106
Torbali,Pamukyazi Mah.,2136,24.34,2188,2241
Torbali,Pancar Mah.,1907,24.34,1953,2001
Torbali,Saipler Mah.,264,24.34,270,277
Torbali,Saglik Mah.,141,24.34,144,148
Torbali,Subasi Mah.,2669,24.34,2734,2801
Torbali,Taskesik Mah.,526,24.34,539,552
Torbali,Tepekoy Mah.,7340,24.34,7519,7702
Torbali,Torbali Mah.,23490,24.34,24062,24647
Torbali,Tulum Mah.,462,24.34,473,485
Torbali,Turkmenkoy Mah.,1948,24.34,1995,2044
Torbali,Yazibasi Mah.,3388,24.34,3470,3555
Torbali,Yedi Eylul Mah.,5004,24.34,5126,5251
Torbali,Yemislik Mah.,2172,24.34,2225,2279
Torbali,Yeni Mah.,1415,24.34,1449,1485
Torbali,Yenikoy Mah.,1531,24.34,1568,1606
Torbali,Yesilkoy Mah.,562,24.34,576,590
Torbali,Yogurtcular Mah.,350,24.34,359,367
Torbali,Cakirbeyli Mah.,528,24.34,541,554
Torbali,Camlica Mah.,284,24.34,291,298
Torbali,Capak Mah.,1856,24.34,1901,1947
Torbali,Caybasi Mah.,1447,24.34,1482,1518
Torbali,Ozbey Mah.,3628,24.34,3716,3807
Torbali,Inonu Mah.,20307,24.34,20801,21308
Torbali,Istiklal Mah.,2382,24.34,2440,2499
Torbali,Sehitler Mah.,760,24.34,778,797
Urla,Altintas Mah.,3455,29.84,3558,3664
Urla,Ataturk Mah.,4652,29.84,4791,4934
Urla,Bademler Mah.,2599,29.84,2677,2756
Urla,Balikliova Mah.,1246,29.84,1283,1321
Urla,Barbaros Mah.,462,29.84,476,490
Urla,Birgi Mah.,207,29.84,213,220
Urla,Camiatik Mah.,787,29.84,810,835
Urla,Demircili Mah.,262,29.84,270,278
Urla,Denizli Mah.,3772,29.84,3885,4000
Urla,Gulbahce Mah.,7039,29.84,7249,7465
Urla,Guvendik Mah.,3900,29.84,4016,4136
Urla,Haci Isa Mah.,1639,29.84,1688,1738
Urla,Kadiovacik Mah.,347,29.84,357,368
Urla,Kalabak Mah.,5663,29.84,5832,6006
Urla,Kuscular Mah.,4060,29.84,4181,4306
Urla,M.Fevzi Cakmak Mah.,3417,29.84,3519,3624
Urla,Naipli Mah.,369,29.84,380,391
Urla,Nohutalan Mah.,171,29.84,176,181
Urla,Ovacik Mah.,201,29.84,207,213
Urla,Rustem Mah.,1366,29.84,1407,1449
Urla,Sira Mah.,3363,29.84,3463,3567
Urla,Torasan Mah.,1882,29.84,1938,1996
Urla,Uzunkuyu Mah.,601,29.84,619,637
Urla,Yaka Mah.,4955,29.84,5103,5255
Urla,Yagcilar Mah.,549,29.84,565,582
Urla,Yelalti Mah.,3290,29.84,3388,3489
Urla,Yeni Mah.,624,29.84,643,662
Urla,Yenice Mah.,1364,29.84,1405,1447
Urla,Yenikent Mah.,3114,29.84,3207,3303
Urla,Zeytinalani Mah.,2360,29.84,2430,2503
Urla,Zeytineli Mah.,412,29.84,424,437
Urla,Zeytinler Mah.,491,29.84,506,521
Urla,Camlicay Mah.,2983,29.84,3072,3164
Urla,Ozbek Mah.,1875,29.84,1931,1989
Urla,Iskele Mah.,3057,29.84,3148,3242
Urla,Icmeler Mah.,3620,29.84,3728,3839
Urla,Sirinkent Mah.,1867,29.84,1923,1980
Cesme,16 Eylul Mah.,3653,20.91,3729,3807
Cesme,Alacati Mah.,10715,20.91,10939,11168
Cesme,Altinkum Mah.,212,20.91,216,221
Cesme,Altinyunus Mah.,453,20.91,462,472
Cesme,Ardic Mah.,613,20.91,626,639
Cesme,Boyalik Mah.,495,20.91,505,516
Cesme,Celal Bayar Mah.,866,20.91,884,903
Cesme,Cumhuriyet Mah.,1264,20.91,1290,1317
Cesme,Dalyan Mah.,2592,20.91,2646,2702
Cesme,Fahrettinpasa Mah.,427,20.91,436,445
Cesme,Germiyan Mah.,1783,20.91,1820,1858
Cesme,Ildir Mah.,751,20.91,767,783
Cesme,Ilica Mah.,1282,20.91,1309,1336
Cesme,Karakoy Mah.,28,20.91,29,29
Cesme,Musalla Mah.,5534,20.91,5650,5768
Cesme,Ovacik Mah.,3115,20.91,3180,3247
Cesme,Reisdere Mah.,5199,20.91,5308,5419
Cesme,Sakarya Mah.,1202,20.91,1227,1253
Cesme,Yali Mah.,1070,20.91,1092,1115
Cesme,Cakabey Mah.,265,20.91,271,276
Cesme,Ciftlik Mah.,2427,20.91,2478,2530
Cesme,Universite Mah.,556,20.91,568,579
Cesme,Ismet Inonu Mah.,5780,20.91,5901,6024
Cesme,Sehit Mehmet Mah.,396,20.91,404,413
Cesme,Sifne Mah.,1224,20.91,1250,1276
Cigli,Ahmet Efendi Mah.,2029,3.39,2036,2043
Cigli,Ahmet Taner Kislali Mah.,6354,3.39,6376,6397
Cigli,Ataturk Mah.,12781,3.39,12824,12868
Cigli,Atasehir Mah.,28864,3.39,28962,29060
Cigli,Aydinlikevler Mah.,3937,3.39,3950,3964
Cigli,Balatcik Mah.,19082,3.39,19147,19212
Cigli,Cumhuriyet Mah.,6834,3.39,6857,6880
Cigli,Egekent Mah.,8107,3.39,8134,8162
Cigli,Esentepe Mah.,6224,3.39,6245,6266
Cigli,Evka-2 Mah.,4139,3.39,4153,4167
Cigli,Evka-5 Mah.,12717,3.39,12760,12803
Cigli,Evka-6 Mah.,2263,3.39,2271,2278
Cigli,Guzeltepe Mah.,6399,3.39,6421,6442
Cigli,Harmandali Gazi Mustafa Kemal Ataturk Mah.,2826,3.39,2836,2845
Cigli,Kaklic Mah.,1618,3.39,1623,1629
Cigli,Koyici Mah.,3898,3.39,3911,3924
Cigli,Kucuk Cigli Mah.,21784,3.39,21858,21932
Cigli,Maltepe Mah.,4108,3.39,4122,4136
Cigli,Sasali Merkez Mah.,4677,3.39,4693,4709
Cigli,Ugur Mumcu Mah.,6183,3.39,6204,6225
Cigli,Yakakent Mah.,10307,3.39,10342,10377
Cigli,Yeni Mahalle Mah.,12633,3.39,12676,12719
Cigli,Cagdas Mah.,6125,3.39,6146,6167
Cigli,Inonu Mah.,7881,3.39,7908,7935
Cigli,Izkent Mah.,6295,3.39,6316,6338
Cigli,Sirintepe Mah.,8355,3.39,8383,8412
Odemis,Akincilar Mah.,1454,-2.97,1450,1445
Odemis,Alasarli Mah.,411,-2.97,410,409
Odemis,Anafartalar Mah.,9255,-2.97,9228,9200
Odemis,Articak Mah.,104,-2.97,104,103
Odemis,Ataturk Mah.,8503,-2.97,8478,8453
Odemis,Bademli Mah.,2334,-2.97,2327,2320
Odemis,Balabanli Mah.,848,-2.97,845,843
Odemis,Bayirli Mah.,235,-2.97,234,234
Odemis,Bebekler Mah.,127,-2.97,127,126
Odemis,Bengisu Mah.,5146,-2.97,5131,5115
Odemis,Beyazitlar Mah.,208,-2.97,207,207
Odemis,Birgi Mah.,1741,-2.97,1736,1731
Odemis,Bozcayaka Mah.,468,-2.97,467,465
Odemis,Bozdag Mah.,481,-2.97,480,478
Odemis,Bucak Mah.,346,-2.97,345,344
Odemis,Bulbuller Mah.,115,-2.97,115,114
Odemis,Buyukavulcuk Mah.,265,-2.97,264,263
Odemis,Bicakci Mah.,1755,-2.97,1750,1745
Odemis,Cevizalan Mah.,198,-2.97,197,197
Odemis,Cumhuriyet Mah.,4763,-2.97,4749,4735
Odemis,Demircili Mah.,723,-2.97,721,719
Odemis,Demirdere Mah.,491,-2.97,490,488
Odemis,Dereuzunyer Mah.,111,-2.97,111,110
Odemis,Dolaylar Mah.,261,-2.97,260,259
Odemis,Emirli Mah.,1000,-2.97,997,994
Odemis,Emmioglu Mah.,1736,-2.97,1731,1726
Odemis,Ertugrul Mah.,520,-2.97,518,517
Odemis,Gereli Mah.,919,-2.97,916,914
Odemis,Gercekli Mah.,528,-2.97,526,525
Odemis,Golcuk Mah.,2163,-2.97,2157,2150
Odemis,Guney Mah.,405,-2.97,404,403
Odemis,Gunluce Mah.,1106,-2.97,1103,1099
Odemis,Hacihasan Mah.,218,-2.97,217,217
Odemis,Hamam Mah.,562,-2.97,560,559
Odemis,Horzum Mah.,522,-2.97,520,519
Odemis,Hurriyet Mah.,6271,-2.97,6252,6234
Odemis,Isik Mah.,93,-2.97,93,92
Odemis,Karadogan Mah.,548,-2.97,546,545
Odemis,Karakova Mah.,125,-2.97,125,124
Odemis,Kayakoy Mah.,1057,-2.97,1054,1051
Odemis,Kaymakci Mah.,5634,-2.97,5617,5601
Odemis,Kazanli Mah.,413,-2.97,412,411
Odemis,Kemenler Mah.,423,-2.97,422,420
Odemis,Kemer Mah.,238,-2.97,237,237
Odemis,Kerpiclik Mah.,195,-2.97,194,194
Odemis,Konakli Mah.,1469,-2.97,1465,1460
Odemis,Kurucuova Mah.,818,-2.97,816,813
Odemis,Kutlubeyler Mah.,145,-2.97,145,144
Odemis,Kuvvetli Mah.,1874,-2.97,1868,1863
Odemis,Kofundere Mah.,231,-2.97,230,230
Odemis,Koseler Mah.,499,-2.97,498,496
Odemis,Kure Mah.,429,-2.97,428,426
Odemis,Kucukavulcuk Mah.,444,-2.97,443,441
Odemis,Kucukoren Mah.,367,-2.97,366,365
Odemis,Kizilca Mah.,119,-2.97,119,118
Odemis,Kizilcaavlu Mah.,463,-2.97,462,460
Odemis,Kisla Mah.,127,-2.97,127,126
Odemis,Mescitli Mah.,590,-2.97,588,587
Odemis,Mesrutiyet Mah.,929,-2.97,926,923
Odemis,Mimar Sinan Mah.,2450,-2.97,2443,2435
Odemis,Mursalli Mah.,257,-2.97,256,255
Odemis,Ocakli Mah.,385,-2.97,384,383
Odemis,Orhangazi Mah.,320,-2.97,319,318
Odemis,Ortakoy Mah.,127,-2.97,127,126
Odemis,Ovacik Mah.,181,-2.97,180,180
Odemis,Ovakent Mah.,2049,-2.97,2043,2037
Odemis,Oguzlar Mah.,116,-2.97,116,115
Odemis,Pirincci Mah.,421,-2.97,420,419
Odemis,Sekikoy Mah.,395,-2.97,394,393
Odemis,Seyrekli Mah.,507,-2.97,505,504
Odemis,Sucikti Mah.,96,-2.97,96,95
Odemis,Suleyman Demirel Mah.,10347,-2.97,10316,10286
Odemis,Suleymanlar Mah.,58,-2.97,58,58
Odemis,Tekke Mah.,335,-2.97,334,333
Odemis,Tosunlar Mah.,173,-2.97,172,172
Odemis,Turkmen Mah.,4649,-2.97,4635,4621
Odemis,Turkonu Mah.,304,-2.97,303,302
Odemis,Umurbey Mah.,2621,-2.97,2613,2605
Odemis,Uzundere Mah.,188,-2.97,187,187
Odemis,Veliler Mah.,154,-2.97,154,153
Odemis,Yenicekoy Mah.,757,-2.97,755,753
Odemis,Yenikoy Mah.,753,-2.97,751,749
Odemis,Yesilkoy Mah.,187,-2.97,186,186
Odemis,Yolustu Mah.,1165,-2.97,1162,1158
Odemis,Yusufdere Mah.,338,-2.97,337,336
Odemis,Yilanli Mah.,117,-2.97,117,116
Odemis,Zafer Mah.,11779,-2.97,11744,11709
Odemis,Camlica Mah.,341,-2.97,340,339
Odemis,Camyayla Mah.,346,-2.97,345,344
Odemis,Cayli Mah.,1327,-2.97,1323,1319
Odemis,Cayir Mah.,603,-2.97,601,599
Odemis,Caglayan Mah.,109,-2.97,109,108
Odemis,Cobanlar Mah.,235,-2.97,234,234
Odemis,Uzumlu Mah.,228,-2.97,227,227
Odemis,Uc Eylul Mah.,4380,-2.97,4367,4354
Odemis,Uckonak Mah.,520,-2.97,518,517
Odemis,Ilkkursun Mah.,146,-2.97,146,145
Odemis,Inonu Mah.,9426,-2.97,9398,9370
Odemis,Sirinkoy Mah.,135,-2.97,135,134
